<?xml version="1.0"?>
<doc>
    <assembly>
        <name>Updater</name>
    </assembly>
    <members>
        <member name="M:Updater.UpdaterProgress.WaitForProcessExitAsync(System.Diagnostics.Process,System.Threading.CancellationToken)">
            <summary>
            Waits asynchronously for the process to exit.
            </summary>
            <param name="process">The process to wait for cancellation.</param>
            <param name="cancellationToken">A cancellation token. If invoked, the task will return 
            immediately as canceled.</param>
            <returns>A Task representing waiting for the process to end.</returns>
        </member>
        <member name="F:Updater.UpdaterProgress.components">
            <summary>
            Required designer variable.
            </summary>
        </member>
        <member name="M:Updater.UpdaterProgress.Dispose(System.Boolean)">
            <summary>
            Clean up any resources being used.
            </summary>
            <param name="disposing">true if managed resources should be disposed; otherwise, false.</param>
        </member>
        <member name="M:Updater.UpdaterProgress.InitializeComponent">
            <summary>
            Required method for Designer support - do not modify
            the contents of this method with the code editor.
            </summary>
        </member>
        <member name="M:Updater.Program.Main">
            <summary>
            The main entry point for the application.
            </summary>
        </member>
    </members>
</doc>
